{
"lengthUnit": "mil",
"remark": [],
"components": {
	"fields": ["COMPONENT_NO", "COMPONENT_NAME", "LAYER", "X_COORDINATE", "Y_COORDINATE", "ANGLE"],
	"rows": [
		[1, "BT1", "B", -115, -40, 180],
		[2, "C1", "T", 470, -90, 0],
		[3, "C2", "T", 620, -130, 90],
		[4, "C3", "T", 865, -45, 180],
		[5, "C4", "T", 520, 35, 180],
		[6, "C5", "T", -1645, -275, 270],
		[7, "C6", "T", -1200, -275, 270],
		[8, "C7", "T", -1055, 440, 180],
		[9, "C8", "T", -875, 155, 180],
		[10, "C9", "T", -875, 300, 180],
		[11, "C10", "T", -420, -280, 270],
		[12, "D1", "T", -1225, 85, 0],
		[13, "D2", "T", -1515, 205, 270],
		[14, "GND", "T", -26.657, -245, 0],
		[15, "JP2", "T", -775, 435, 90],
		[16, "JP3", "T", -1350, 435, 0],
		[17, "L1", "T", 375, 280, 0],
		[18, "L2", "T", 390, -235, 0],
		[19, "LED1", "T", -1560, -140, 180],
		[20, "LED2", "T", -930, -270, 90],
		[21, "LED3", "T", -1055, -270, 90],
		[22, "MIC1", "T", 1115, 170, 90],
		[23, "R1", "T", 154.9611, 95, 180],
		[24, "R2", "T", -1320, -140, 0],
		[25, "R3", "T", -1185, -140, 180],
		[26, "R4", "T", -930, -75, 270],
		[27, "R5", "T", -1530, -275, 270],
		[28, "R6", "T", 715, -75, 270],
		[29, "R7", "T", 840, -160, 180],
		[30, "R8", "T", 640, 100, 180],
		[31, "R9", "T", 393.436, 160, 90],
		[32, "R10", "T", 393.436, 40, 90],
		[33, "R11", "T", 520, 160, 180],
		[34, "R12", "T", -1805, -70, 0],
		[35, "R13", "T", -1810, -320, 0],
		[36, "RST", "T", -584.138, -240.896, 0],
		[37, "SW1", "T", -770, -225, 270],
		[38, "SWC", "T", -263.153, -244.63, 0],
		[39, "SWD", "T", -145, -245, 0],
		[40, "U1", "T", -420, 60, 90],
		[41, "U2", "T", 785, 95, 270],
		[42, "U3", "T", -1365, -260, 90],
		[43, "U4", "T", -1260, 265, 270],
		[44, "U5", "T", -1669.718, 250, 90],
		[45, "USB2", "T", -2015, -210, 270],
		[46, "PAD1", "T", -263.153, -244.63, 0],
		[47, "PAD1", "B", -263.153, -244.63, 0],
		[48, "PAD2", "T", -145, -245, 0],
		[49, "PAD2", "B", -145, -245, 0],
		[50, "PAD3", "T", -584.138, -240.896, 0],
		[51, "PAD3", "B", -584.138, -240.896, 0],
		[52, "PAD4", "T", 1262.95, -40, 0],
		[53, "PAD4", "B", 1262.95, -40, 0],
		[54, "PAD5", "T", -1492.95, -40, 0],
		[55, "PAD5", "B", -1492.95, -40, 0],
		[56, "PAD6", "T", 509.37, -90, 0],
		[57, "PAD7", "T", 430.63, -90, 0],
		[58, "PAD8", "T", 620, -102.44, 0],
		[59, "PAD9", "T", 620, -157.56, 0],
		[60, "PAD10", "T", 837.44, -45, 0],
		[61, "PAD11", "T", 892.56, -45, 0],
		[62, "PAD12", "T", 492.44, 35, 0],
		[63, "PAD13", "T", 547.56, 35, 0],
		[64, "PAD14", "T", -1645, -314.37, 0],
		[65, "PAD15", "T", -1645, -235.63, 0],
		[66, "PAD16", "T", -1200, -314.37, 0],
		[67, "PAD17", "T", -1200, -235.63, 0],
		[68, "PAD18", "T", -1094.37, 440, 0],
		[69, "PAD19", "T", -1015.63, 440, 0],
		[70, "PAD20", "T", -914.37, 155, 0],
		[71, "PAD21", "T", -835.63, 155, 0],
		[72, "PAD22", "T", -914.37, 300, 0],
		[73, "PAD23", "T", -835.63, 300, 0],
		[74, "PAD24", "T", -420, -307.56, 0],
		[75, "PAD25", "T", -420, -252.44, 0],
		[76, "PAD26", "T", -1126.43, 85, 0],
		[77, "PAD27", "T", -1323.57, 85, 0],
		[78, "PAD28", "T", -1515, 106.43, 0],
		[79, "PAD29", "T", -1515, 303.57, 0],
		[80, "PAD30", "T", -825, 435, 0],
		[81, "PAD30", "B", -825, 435, 0],
		[82, "PAD31", "T", -725, 435, 0],
		[83, "PAD31", "B", -725, 435, 0],
		[84, "PAD32", "T", -1250, 435, 0],
		[85, "PAD32", "B", -1250, 435, 0],
		[86, "PAD33", "T", -1350, 435, 0],
		[87, "PAD33", "B", -1350, 435, 0],
		[88, "PAD34", "T", -1450, 435, 0],
		[89, "PAD34", "B", -1450, 435, 0],
		[90, "PAD35", "T", 336.96, 280, 0],
		[91, "PAD36", "T", 413.04, 280, 0],
		[92, "PAD37", "T", 351.96, -235, 0],
		[93, "PAD38", "T", 428.04, -235, 0],
		[94, "PAD39", "T", -1516.69, -140, 0],
		[95, "PAD40", "T", -1603.31, -140, 0],
		[96, "PAD41", "T", -930, -311.35, 0],
		[97, "PAD42", "T", -930, -228.65, 0],
		[98, "PAD43", "T", -1055, -311.35, 0],
		[99, "PAD44", "T", -1055, -228.65, 0],
		[100, "PAD45", "T", 1115, 120, 0],
		[101, "PAD45", "B", 1115, 120, 0],
		[102, "PAD46", "T", 1115, 220, 0],
		[103, "PAD46", "B", 1115, 220, 0],
		[104, "PAD47", "T", 233.7011, 49.72, 0],
		[105, "PAD48", "T", 233.7011, 140.28, 0],
		[106, "PAD49", "T", 76.2211, 95, 0],
		[107, "PAD50", "T", -1290.34, -140, 0],
		[108, "PAD51", "T", -1349.66, -140, 0],
		[109, "PAD52", "T", -1214.66, -140, 0],
		[110, "PAD53", "T", -1155.34, -140, 0],
		[111, "PAD54", "T", -930, -104.66, 0],
		[112, "PAD55", "T", -930, -45.34, 0],
		[113, "PAD56", "T", -1530, -304.66, 0],
		[114, "PAD57", "T", -1530, -245.34, 0],
		[115, "PAD58", "T", 715, -104.66, 0],
		[116, "PAD59", "T", 715, -45.34, 0],
		[117, "PAD60", "T", 810.34, -160, 0],
		[118, "PAD61", "T", 869.66, -160, 0],
		[119, "PAD62", "T", 610.34, 100, 0],
		[120, "PAD63", "T", 669.66, 100, 0],
		[121, "PAD64", "T", 393.436, 177.04, 0],
		[122, "PAD65", "T", 393.436, 142.96, 0],
		[123, "PAD66", "T", 393.436, 57.04, 0],
		[124, "PAD67", "T", 393.436, 22.96, 0],
		[125, "PAD68", "T", 502.96, 160, 0],
		[126, "PAD69", "T", 537.04, 160, 0],
		[127, "PAD70", "T", -1775.34, -70, 0],
		[128, "PAD71", "T", -1834.66, -70, 0],
		[129, "PAD72", "T", -1780.34, -320, 0],
		[130, "PAD73", "T", -1839.66, -320, 0],
		[131, "PAD74", "T", -770, -138.98, 0],
		[132, "PAD75", "T", -770, -311.02, 0],
		[133, "PAD76", "T", -309.764, -112.5, 0],
		[134, "PAD77", "T", -341.26, -112.5, 0],
		[135, "PAD78", "T", -372.756, -112.5, 0],
		[136, "PAD79", "T", -404.252, -112.5, 0],
		[137, "PAD80", "T", -435.748, -112.5, 0],
		[138, "PAD81", "T", -498.74, -112.5, 0],
		[139, "PAD82", "T", -592, -50.236, 0],
		[140, "PAD83", "T", -592, -18.74, 0],
		[141, "PAD84", "T", -592, 12.756, 0],
		[142, "PAD85", "T", -341.26, 232.5, 0],
		[143, "PAD86", "T", -309.764, 232.5, 0],
		[144, "PAD87", "T", -248, 107.244, 0],
		[145, "PAD88", "T", -248, 75.748, 0],
		[146, "PAD89", "T", -248, 12.756, 0],
		[147, "PAD90", "T", 759.41, 51.69, 0],
		[148, "PAD91", "T", 785, 51.69, 0],
		[149, "PAD92", "T", 810.59, 51.69, 0],
		[150, "PAD93", "T", 810.59, 138.31, 0],
		[151, "PAD94", "T", 759.41, 138.31, 0],
		[152, "PAD95", "T", -1319.58, -297.4, 0],
		[153, "PAD96", "T", -1319.58, -260, 0],
		[154, "PAD97", "T", -1319.58, -222.6, 0],
		[155, "PAD98", "T", -1410.42, -222.6, 0],
		[156, "PAD99", "T", -1410.42, -297.4, 0],
		[157, "PAD100", "T", -1208.82, 302.391, 0],
		[158, "PAD101", "T", -1311.18, 302.391, 0],
		[159, "PAD102", "T", -1311.18, 265.021, 0],
		[160, "PAD103", "T", -1311.18, 227.611, 0],
		[161, "PAD104", "T", -1669.718, 435.04, 0],
		[162, "PAD104", "B", -1669.718, 435.04, 0],
		[163, "PAD105", "T", -1669.718, 250, 0],
		[164, "PAD105", "B", -1669.718, 250, 0],
		[165, "PAD106", "T", -1669.718, 64.96, 0],
		[166, "PAD106", "B", -1669.718, 64.96, 0],
		[167, "PAD107", "T", -1929.174, -159.8, 0],
		[168, "PAD107", "B", -1929.174, -159.8, 0],
		[169, "PAD108", "T", -1929.174, -126.34, 0],
		[170, "PAD108", "B", -1929.174, -126.34, 0],
		[171, "PAD109", "T", -1929.174, -193.27, 0],
		[172, "PAD109", "B", -1929.174, -193.27, 0],
		[173, "PAD110", "T", -1929.174, -226.73, 0],
		[174, "PAD110", "B", -1929.174, -226.73, 0],
		[175, "PAD111", "T", -1929.174, -260.2, 0],
		[176, "PAD111", "B", -1929.174, -260.2, 0],
		[177, "PAD112", "T", -1929.174, -293.66, 0],
		[178, "PAD112", "B", -1929.174, -293.66, 0],
		[179, "PAD113", "T", -1982.324, -92.87, 0],
		[180, "PAD113", "B", -1982.324, -92.87, 0],
		[181, "PAD114", "T", -1982.324, -327.32, 0],
		[182, "PAD114", "B", -1982.324, -327.32, 0],
		[183, "PAD115", "T", -1967.764, -39.72, 0],
		[184, "PAD115", "B", -1967.764, -39.72, 0],
		[185, "PAD116", "T", -1967.764, -380.28, 0],
		[186, "PAD116", "B", -1967.764, -380.28, 0],
		[187, "PAD117", "T", -2100.834, -39.72, 0],
		[188, "PAD117", "B", -2100.834, -39.72, 0],
		[189, "PAD118", "T", -2100.834, -380.28, 0],
		[190, "PAD118", "B", -2100.834, -380.28, 0],
		[191, "PAD119", "T", -26.657, -245, 0],
		[192, "PAD119", "B", -26.657, -245, 0]
	]
},
"pins": {
	"fields": ["PIN_NO", "PIN_NAME", "PIN_X", "PIN_Y", "LAYER", "PIN_TYPE", "NET_NAME", "NET_TYPE", "PAD_SHAPE", "PAD_SIZEX", "PAD_SIZEY", "HOLE_SIZE", "HOLE_LEN", "PAD_ANGLE"],
	"rows": [
		[1, "BT1_1", 1262.95, -40, "T", "DIP", "GND", "GND", "C", 62.992, 62.992, 40.158, 40.158, 180],
		[2, "BT1_1", 1262.95, -40, "B", "DIP", "GND", "GND", "C", 62.992, 62.992, 40.158, 40.158, 180],
		[3, "BT1_2", -1492.95, -40, "T", "DIP", "VBAT", "", "C", 62.992, 62.992, 40.158, 40.158, 180],
		[4, "BT1_2", -1492.95, -40, "B", "DIP", "VBAT", "", "C", 62.992, 62.992, 40.158, 40.158, 180],
		[5, "C1_1", 430.63, -90, "T", "SMD", "AGND", "", "R", 55.512, 53.15, 0, 0, 0],
		[6, "C1_2", 509.37, -90, "T", "SMD", "$1N4374", "", "R", 55.512, 53.15, 0, 0, 0],
		[7, "C2_1", 620, -157.56, "T", "SMD", "AGND", "", "R", 31.496, 35.433, 0, 0, 90],
		[8, "C2_2", 620, -102.44, "T", "SMD", "$1N4288", "", "R", 31.496, 35.433, 0, 0, 90],
		[9, "C3_1", 892.56, -45, "T", "SMD", "$1N4286", "", "R", 31.496, 35.433, 0, 0, 180],
		[10, "C3_2", 837.44, -45, "T", "SMD", "$1N4284", "", "R", 31.496, 35.433, 0, 0, 180],
		[11, "C4_1", 547.56, 35, "T", "SMD", "$1N4367", "", "R", 31.496, 35.433, 0, 0, 180],
		[12, "C4_2", 492.44, 35, "T", "SMD", "A0", "", "R", 31.496, 35.433, 0, 0, 180],
		[13, "C5_1", -1645, -235.63, "T", "SMD", "VBUS", "", "R", 55.512, 53.15, 0, 0, 270],
		[14, "C5_2", -1645, -314.37, "T", "SMD", "GND", "GND", "R", 55.512, 53.15, 0, 0, 270],
		[15, "C6_1", -1200, -235.63, "T", "SMD", "VBAT", "", "R", 55.512, 53.15, 0, 0, 270],
		[16, "C6_2", -1200, -314.37, "T", "SMD", "GND", "GND", "R", 55.512, 53.15, 0, 0, 270],
		[17, "C7_1", -1015.63, 440, "T", "SMD", "GND", "GND", "R", 55.512, 53.15, 0, 0, 180],
		[18, "C7_2", -1094.37, 440, "T", "SMD", "VOUT", "", "R", 55.512, 53.15, 0, 0, 180],
		[19, "C8_1", -835.63, 155, "T", "SMD", "GND", "GND", "R", 55.512, 53.15, 0, 0, 180],
		[20, "C8_2", -914.37, 155, "T", "SMD", "3.3V", "", "R", 55.512, 53.15, 0, 0, 180],
		[21, "C9_1", -835.63, 300, "T", "SMD", "GND", "GND", "R", 55.512, 53.15, 0, 0, 180],
		[22, "C9_2", -914.37, 300, "T", "SMD", "3.3V", "", "R", 55.512, 53.15, 0, 0, 180],
		[23, "C10_1", -420, -252.44, "T", "SMD", "$1N3455", "", "R", 31.496, 35.433, 0, 0, 270],
		[24, "C10_2", -420, -307.56, "T", "SMD", "GND", "GND", "R", 31.496, 35.433, 0, 0, 270],
		[25, "D1_1", -1126.43, 85, "T", "SMD", "VBAT", "", "R", 81.201, 60.591, 0, 0, 0],
		[26, "D1_2", -1323.57, 85, "T", "SMD", "VHIGH", "", "R", 81.201, 60.591, 0, 0, 0],
		[27, "D2_1", -1515, 106.43, "T", "SMD", "VBUS", "", "R", 81.201, 60.591, 0, 0, 270],
		[28, "D2_2", -1515, 303.57, "T", "SMD", "VHIGH", "", "R", 81.201, 60.591, 0, 0, 270],
		[29, "GND_P", -26.657, -245, "T", "DIP", "GND", "GND", "C", 71.3, 71.3, 40.2, 40.2, 0],
		[30, "GND_P", -26.657, -245, "B", "DIP", "GND", "GND", "C", 71.3, 71.3, 40.2, 40.2, 0],
		[31, "JP2_1", -725, 435, "T", "DIP", "D1", "", "R", 70.866, 70.866, 47.244, 47.244, 90],
		[32, "JP2_1", -725, 435, "B", "DIP", "D1", "", "R", 70.866, 70.866, 47.244, 47.244, 90],
		[33, "JP2_2", -825, 435, "T", "DIP", "GND", "GND", "C", 70.866, 70.866, 47.244, 47.244, 90],
		[34, "JP2_2", -825, 435, "B", "DIP", "GND", "GND", "C", 70.866, 70.866, 47.244, 47.244, 90],
		[35, "JP3_1", -1450, 435, "T", "DIP", "VOUT", "", "R", 70.9, 70.9, 47.2, 47.2, 0],
		[36, "JP3_1", -1450, 435, "B", "DIP", "VOUT", "", "R", 70.9, 70.9, 47.2, 47.2, 0],
		[37, "JP3_2", -1350, 435, "T", "DIP", "D0", "", "C", 70.9, 70.9, 40.158, 40.158, 0],
		[38, "JP3_2", -1350, 435, "B", "DIP", "D0", "", "C", 70.9, 70.9, 40.158, 40.158, 0],
		[39, "JP3_3", -1250, 435, "T", "DIP", "GND", "GND", "C", 70.9, 70.9, 47.2, 47.2, 0],
		[40, "JP3_3", -1250, 435, "B", "DIP", "GND", "GND", "C", 70.9, 70.9, 47.2, 47.2, 0],
		[41, "L1_1", 336.96, 280, "T", "SMD", "3.3V", "", "R", 44.588, 54.213, 0, 0, 0],
		[42, "L1_2", 413.04, 280, "T", "SMD", "AVCC", "", "R", 44.588, 54.213, 0, 0, 0],
		[43, "L2_1", 351.96, -235, "T", "SMD", "GND", "GND", "R", 44.588, 54.213, 0, 0, 0],
		[44, "L2_2", 428.04, -235, "T", "SMD", "AGND", "", "R", 44.588, 54.213, 0, 0, 0],
		[45, "LED1_1", -1516.69, -140, "T", "SMD", "$1N3882", "", "R", 39.37, 49.213, 0, 0, 0],
		[46, "LED1_2", -1603.31, -140, "T", "SMD", "VBUS", "", "R", 39.37, 49.213, 0, 0, 0],
		[47, "LED2_1", -930, -228.65, "T", "SMD", "$1N3593", "", "R", 39.37, 55.1, 0, 0, 270],
		[48, "LED2_2", -930, -311.35, "T", "SMD", "GND", "GND", "R", 39.37, 55.1, 0, 0, 270],
		[49, "LED3_1", -1055, -228.65, "T", "SMD", "$1N3983", "", "R", 39.37, 55.1, 0, 0, 270],
		[50, "LED3_2", -1055, -311.35, "T", "SMD", "GND", "GND", "R", 39.37, 55.1, 0, 0, 270],
		[51, "MIC1_1", 1115, 120, "T", "DIP", "$1N4286", "", "R", 66, 66, 31.496, 31.496, 180],
		[52, "MIC1_1", 1115, 120, "B", "DIP", "$1N4286", "", "R", 66, 66, 31.496, 31.496, 180],
		[53, "MIC1_2", 1115, 220, "T", "DIP", "AGND", "", "C", 66, 66, 31.496, 31.496, 180],
		[54, "MIC1_2", 1115, 220, "B", "DIP", "AGND", "", "C", 66, 66, 31.496, 31.496, 180],
		[55, "R1_1", 233.7011, 140.28, "T", "SMD", "$1N4382", "", "R", 78.7402, 51.1811, 0, 0, 180],
		[56, "R1_2", 76.2211, 95, "T", "SMD", "A0", "", "R", 78.7402, 78.7402, 0, 0, 90],
		[57, "R1_3", 233.7011, 49.72, "T", "SMD", "A0", "", "R", 78.7402, 51.1811, 0, 0, 180],
		[58, "R2_1", -1349.66, -140, "T", "SMD", "$1N3882", "", "R", 31.751, 34.016, 0, 0, 0],
		[59, "R2_2", -1290.34, -140, "T", "SMD", "$1N3989", "", "R", 31.751, 34.016, 0, 0, 0],
		[60, "R3_1", -1155.34, -140, "T", "SMD", "$1N3983", "", "R", 31.751, 34.016, 0, 0, 180],
		[61, "R3_2", -1214.66, -140, "T", "SMD", "$1N3989", "", "R", 31.751, 34.016, 0, 0, 180],
		[62, "R4_1", -930, -45.34, "T", "SMD", "D13", "", "R", 31.751, 34.016, 0, 0, 270],
		[63, "R4_2", -930, -104.66, "T", "SMD", "$1N3593", "", "R", 31.751, 34.016, 0, 0, 270],
		[64, "R5_1", -1530, -245.34, "T", "SMD", "$1N4074", "", "R", 31.751, 34.016, 0, 0, 270],
		[65, "R5_2", -1530, -304.66, "T", "SMD", "GND", "GND", "R", 31.751, 34.016, 0, 0, 270],
		[66, "R6_1", 715, -45.34, "T", "SMD", "AVCC", "", "R", 31.751, 34.016, 0, 0, 270],
		[67, "R6_2", 715, -104.66, "T", "SMD", "$1N4288", "", "R", 31.751, 34.016, 0, 0, 270],
		[68, "R7_1", 869.66, -160, "T", "SMD", "$1N4286", "", "R", 31.751, 34.016, 0, 0, 180],
		[69, "R7_2", 810.34, -160, "T", "SMD", "$1N4288", "", "R", 31.751, 34.016, 0, 0, 180],
		[70, "R8_1", 669.66, 100, "T", "SMD", "$1N4374", "", "R", 31.751, 34.016, 0, 0, 180],
		[71, "R8_2", 610.34, 100, "T", "SMD", "$1N4367", "", "R", 31.751, 34.016, 0, 0, 180],
		[72, "R9_1", 393.436, 142.96, "T", "SMD", "$1N4284", "", "R", 22.27, 21.26, 0, 0, 90],
		[73, "R9_2", 393.436, 177.04, "T", "SMD", "AVCC", "", "R", 22.27, 21.26, 0, 0, 90],
		[74, "R10_1", 393.436, 22.96, "T", "SMD", "AGND", "", "R", 22.27, 21.26, 0, 0, 90],
		[75, "R10_2", 393.436, 57.04, "T", "SMD", "$1N4284", "", "R", 22.27, 21.26, 0, 0, 90],
		[76, "R11_1", 537.04, 160, "T", "SMD", "$1N4367", "", "R", 22.27, 21.26, 0, 0, 180],
		[77, "R11_2", 502.96, 160, "T", "SMD", "$1N4382", "", "R", 22.27, 21.26, 0, 0, 180],
		[78, "R12_1", -1834.66, -70, "T", "SMD", "$1N5939", "", "R", 31.751, 34.016, 0, 0, 0],
		[79, "R12_2", -1775.34, -70, "T", "SMD", "GND", "GND", "R", 31.751, 34.016, 0, 0, 0],
		[80, "R13_1", -1839.66, -320, "T", "SMD", "$1N5905", "", "R", 31.751, 34.016, 0, 0, 0],
		[81, "R13_2", -1780.34, -320, "T", "SMD", "GND", "GND", "R", 31.751, 34.016, 0, 0, 0],
		[82, "RST_P", -584.138, -240.896, "T", "DIP", "$1N3478", "", "C", 71.3, 71.3, 40.2, 40.2, 0],
		[83, "RST_P", -584.138, -240.896, "B", "DIP", "$1N3478", "", "C", 71.3, 71.3, 40.2, 40.2, 0],
		[84, "SW1_1", -770, -138.98, "T", "SMD", "$1N3478", "", "R", 48.425, 53.543, 0, 0, 270],
		[85, "SW1_2", -770, -311.02, "T", "SMD", "GND", "GND", "R", 48.425, 53.543, 0, 0, 270],
		[86, "SWC_P", -263.153, -244.63, "T", "DIP", "$1N3328", "", "C", 71.3, 71.3, 40.2, 40.2, 0],
		[87, "SWC_P", -263.153, -244.63, "B", "DIP", "$1N3328", "", "C", 71.3, 71.3, 40.2, 40.2, 0],
		[88, "SWD_P", -145, -245, "T", "DIP", "$1N3319", "", "C", 71.3, 71.3, 40.2, 40.2, 0],
		[89, "SWD_P", -145, -245, "B", "DIP", "$1N3319", "", "C", 71.3, 71.3, 40.2, 40.2, 0],
		[90, "U1_1", -248, -50.236, "T", "SMD", "NET_1", "", "O", 17.717, 64.961, 0, 0, 90],
		[91, "U1_2", -248, -18.74, "T", "SMD", "NET_2", "", "O", 17.717, 64.961, 0, 0, 90],
		[92, "U1_3", -248, 12.756, "T", "SMD", "A0", "", "O", 17.717, 64.961, 0, 0, 90],
		[93, "U1_4", -248, 44.252, "T", "SMD", "NET_3", "", "O", 17.717, 64.961, 0, 0, 90],
		[94, "U1_5", -248, 75.748, "T", "SMD", "D0", "", "O", 17.717, 64.961, 0, 0, 90],
		[95, "U1_6", -248, 107.244, "T", "SMD", "D1", "", "O", 17.717, 64.961, 0, 0, 90],
		[96, "U1_7", -248, 138.74, "T", "SMD", "NET_4", "", "O", 17.717, 64.961, 0, 0, 90],
		[97, "U1_8", -248, 170.236, "T", "SMD", "NET_5", "", "O", 17.717, 64.961, 0, 0, 90],
		[98, "U1_9", -309.764, 232.5, "T", "SMD", "3.3V", "", "O", 64.961, 17.717, 0, 0, 90],
		[99, "U1_10", -341.26, 232.5, "T", "SMD", "GND", "GND", "O", 64.961, 17.717, 0, 0, 90],
		[100, "U1_11", -372.756, 232.5, "T", "SMD", "NET_6", "", "O", 64.961, 17.717, 0, 0, 90],
		[101, "U1_12", -404.252, 232.5, "T", "SMD", "NET_7", "", "O", 64.961, 17.717, 0, 0, 90],
		[102, "U1_13", -435.748, 232.5, "T", "SMD", "NET_8", "", "O", 64.961, 17.717, 0, 0, 90],
		[103, "U1_14", -467.244, 232.5, "T", "SMD", "NET_9", "", "O", 64.961, 17.717, 0, 0, 90],
		[104, "U1_15", -498.74, 232.5, "T", "SMD", "NET_10", "", "O", 64.961, 17.717, 0, 0, 90],
		[105, "U1_16", -530.236, 232.5, "T", "SMD", "NET_11", "", "O", 64.961, 17.717, 0, 0, 90],
		[106, "U1_17", -592, 170.236, "T", "SMD", "NET_12", "", "O", 17.717, 64.961, 0, 0, 90],
		[107, "U1_18", -592, 138.74, "T", "SMD", "NET_13", "", "O", 17.717, 64.961, 0, 0, 90],
		[108, "U1_19", -592, 107.244, "T", "SMD", "NET_14", "", "O", 17.717, 64.961, 0, 0, 90],
		[109, "U1_20", -592, 75.748, "T", "SMD", "NET_15", "", "O", 17.717, 64.961, 0, 0, 90],
		[110, "U1_21", -592, 44.252, "T", "SMD", "NET_16", "", "O", 17.717, 64.961, 0, 0, 90],
		[111, "U1_22", -592, 12.756, "T", "SMD", "D13", "", "O", 17.717, 64.961, 0, 0, 90],
		[112, "U1_23", -592, -18.74, "T", "SMD", "D-", "", "O", 17.717, 64.961, 0, 0, 90],
		[113, "U1_24", -592, -50.236, "T", "SMD", "D+", "", "O", 17.717, 64.961, 0, 0, 90],
		[114, "U1_25", -530.236, -112.5, "T", "SMD", "NET_17", "", "O", 64.961, 17.717, 0, 0, 90],
		[115, "U1_26", -498.74, -112.5, "T", "SMD", "$1N3478", "", "O", 64.961, 17.717, 0, 0, 90],
		[116, "U1_27", -467.244, -112.5, "T", "SMD", "NET_18", "", "O", 64.961, 17.717, 0, 0, 90],
		[117, "U1_28", -435.748, -112.5, "T", "SMD", "GND", "GND", "O", 64.961, 17.717, 0, 0, 90],
		[118, "U1_29", -404.252, -112.5, "T", "SMD", "$1N3455", "", "O", 64.961, 17.717, 0, 0, 90],
		[119, "U1_30", -372.756, -112.5, "T", "SMD", "3.3V", "", "O", 64.961, 17.717, 0, 0, 90],
		[120, "U1_31", -341.26, -112.5, "T", "SMD", "$1N3328", "", "O", 64.961, 17.717, 0, 0, 90],
		[121, "U1_32", -309.764, -112.5, "T", "SMD", "$1N3319", "", "O", 64.961, 17.717, 0, 0, 90],
		[122, "U2_1", 759.41, 51.69, "T", "SMD", "$1N4284", "", "R", 13.78, 33.465, 0, 0, 0],
		[123, "U2_2", 785, 51.69, "T", "SMD", "AGND", "", "R", 13.78, 33.465, 0, 0, 0],
		[124, "U2_3", 810.59, 51.69, "T", "SMD", "$1N4367", "", "R", 13.78, 33.465, 0, 0, 0],
		[125, "U2_4", 810.59, 138.31, "T", "SMD", "A0", "", "R", 13.78, 33.465, 0, 0, 0],
		[126, "U2_5", 759.41, 138.31, "T", "SMD", "AVCC", "", "R", 13.78, 33.465, 0, 0, 0],
		[127, "U3_1", -1319.58, -297.4, "T", "SMD", "$1N3989", "", "R", 19.291, 45.551, 0, 0, 90],
		[128, "U3_2", -1319.58, -260, "T", "SMD", "GND", "GND", "R", 19.291, 45.551, 0, 0, 90],
		[129, "U3_3", -1319.58, -222.6, "T", "SMD", "VBAT", "", "R", 19.291, 45.551, 0, 0, 90],
		[130, "U3_4", -1410.42, -222.6, "T", "SMD", "VBUS", "", "R", 19.291, 46.26, 0, 0, 90],
		[131, "U3_5", -1410.42, -297.4, "T", "SMD", "$1N4074", "", "R", 19.291, 46.26, 0, 0, 90],
		[132, "U4_1", -1311.18, 302.391, "T", "SMD", "VOUT", "", "R", 24.5, 43.5, 0, 0, 270],
		[133, "U4_2", -1311.18, 265.021, "T", "SMD", "GND", "GND", "R", 24.5, 43.5, 0, 0, 270],
		[134, "U4_3", -1311.18, 227.611, "T", "SMD", "VOUT", "", "R", 24.5, 43.5, 0, 0, 270],
		[135, "U4_4", -1208.82, 227.611, "T", "SMD", "NET_19", "", "R", 24.5, 43.5, 0, 0, 270],
		[136, "U4_5", -1208.82, 302.391, "T", "SMD", "3.3V", "", "R", 24.5, 43.5, 0, 0, 270],
		[137, "U5_1", -1669.718, 64.96, "T", "DIP", "GND", "GND", "O", 74.803, 102.362, 47.244, 74.803, 270],
		[138, "U5_1", -1669.718, 64.96, "B", "DIP", "GND", "GND", "O", 74.803, 102.362, 47.244, 74.803, 270],
		[139, "U5_2", -1669.718, 250, "T", "DIP", "VOUT", "", "O", 74.803, 102.362, 47.244, 74.803, 270],
		[140, "U5_2", -1669.718, 250, "B", "DIP", "VOUT", "", "O", 74.803, 102.362, 47.244, 74.803, 270],
		[141, "U5_3", -1669.718, 435.04, "T", "DIP", "VHIGH", "", "O", 74.803, 102.362, 47.244, 74.803, 270],
		[142, "U5_3", -1669.718, 435.04, "B", "DIP", "VHIGH", "", "O", 74.803, 102.362, 47.244, 74.803, 270],
		[143, "USB2_A1", -1929.174, -92.87, "T", "DIP", "NET_20", "", "C", 25.59, 25.59, 15.74, 15.75, 270],
		[144, "USB2_A1", -1929.174, -92.87, "B", "DIP", "NET_20", "", "C", 25.59, 25.59, 15.74, 15.75, 270],
		[145, "USB2_A12", -1929.174, -327.13, "T", "DIP", "NET_21", "", "C", 25.59, 25.59, 15.74, 15.75, 270],
		[146, "USB2_A12", -1929.174, -327.13, "B", "DIP", "NET_21", "", "C", 25.59, 25.59, 15.74, 15.75, 270],
		[147, "USB2_A4", -1929.174, -126.34, "T", "DIP", "VBUS", "", "C", 25.59, 25.59, 15.74, 15.75, 270],
		[148, "USB2_A4", -1929.174, -126.34, "B", "DIP", "VBUS", "", "C", 25.59, 25.59, 15.74, 15.75, 270],
		[149, "USB2_A5", -1929.174, -159.8, "T", "DIP", "$1N5939", "", "C", 25.59, 25.59, 15.74, 15.75, 270],
		[150, "USB2_A5", -1929.174, -159.8, "B", "DIP", "$1N5939", "", "C", 25.59, 25.59, 15.74, 15.75, 270],
		[151, "USB2_A6", -1929.174, -193.27, "T", "DIP", "D+", "", "C", 25.59, 25.59, 15.74, 15.75, 270],
		[152, "USB2_A6", -1929.174, -193.27, "B", "DIP", "D+", "", "C", 25.59, 25.59, 15.74, 15.75, 270],
		[153, "USB2_A7", -1929.174, -226.73, "T", "DIP", "D-", "", "C", 25.59, 25.59, 15.74, 15.75, 270],
		[154, "USB2_A7", -1929.174, -226.73, "B", "DIP", "D-", "", "C", 25.59, 25.59, 15.74, 15.75, 270],
		[155, "USB2_A8", -1929.174, -260.2, "T", "DIP", "$1N5905", "", "C", 25.59, 25.59, 15.74, 15.75, 270],
		[156, "USB2_A8", -1929.174, -260.2, "B", "DIP", "$1N5905", "", "C", 25.59, 25.59, 15.74, 15.75, 270],
		[157, "USB2_A9", -1929.174, -293.66, "T", "DIP", "VBUS", "", "C", 25.59, 25.59, 15.74, 15.75, 270],
		[158, "USB2_A9", -1929.174, -293.66, "B", "DIP", "VBUS", "", "C", 25.59, 25.59, 15.74, 15.75, 270],
		[159, "USB2_B1", -1982.324, -327.32, "T", "DIP", "GND", "GND", "C", 25.59, 25.59, 15.74, 15.75, 270],
		[160, "USB2_B1", -1982.324, -327.32, "B", "DIP", "GND", "GND", "C", 25.59, 25.59, 15.74, 15.75, 270],
		[161, "USB2_B12", -1982.324, -92.87, "T", "DIP", "GND", "GND", "C", 25.59, 25.59, 15.74, 15.75, 270],
		[162, "USB2_B12", -1982.324, -92.87, "B", "DIP", "GND", "GND", "C", 25.59, 25.59, 15.74, 15.75, 270],
		[163, "USB2_B4", -1982.324, -293.86, "T", "DIP", "NET_22", "", "C", 25.59, 25.59, 15.74, 15.75, 270],
		[164, "USB2_B4", -1982.324, -293.86, "B", "DIP", "NET_22", "", "C", 25.59, 25.59, 15.74, 15.75, 270],
		[165, "USB2_B5", -1982.324, -260.39, "T", "DIP", "NET_23", "", "C", 25.59, 25.59, 15.74, 15.75, 270],
		[166, "USB2_B5", -1982.324, -260.39, "B", "DIP", "NET_23", "", "C", 25.59, 25.59, 15.74, 15.75, 270],
		[167, "USB2_B6", -1982.324, -226.93, "T", "DIP", "NET_24", "", "C", 25.59, 25.59, 15.74, 15.75, 270],
		[168, "USB2_B6", -1982.324, -226.93, "B", "DIP", "NET_24", "", "C", 25.59, 25.59, 15.74, 15.75, 270],
		[169, "USB2_B7", -1982.324, -193.46, "T", "DIP", "NET_25", "", "C", 25.59, 25.59, 15.74, 15.75, 270],
		[170, "USB2_B7", -1982.324, -193.46, "B", "DIP", "NET_25", "", "C", 25.59, 25.59, 15.74, 15.75, 270],
		[171, "USB2_B8", -1982.324, -160, "T", "DIP", "NET_26", "", "C", 25.59, 25.59, 15.74, 15.75, 270],
		[172, "USB2_B8", -1982.324, -160, "B", "DIP", "NET_26", "", "C", 25.59, 25.59, 15.74, 15.75, 270],
		[173, "USB2_B9", -1982.324, -126.54, "T", "DIP", "NET_27", "", "C", 25.59, 25.59, 15.74, 15.75, 270],
		[174, "USB2_B9", -1982.324, -126.54, "B", "DIP", "NET_27", "", "C", 25.59, 25.59, 15.74, 15.75, 270],
		[175, "USB2_S1", -1967.764, -39.72, "T", "DIP", "GND", "GND", "O", 35.43, 94.49, 23.62, 82.68, 270],
		[176, "USB2_S1", -1967.764, -39.72, "B", "DIP", "GND", "GND", "O", 35.43, 94.49, 23.62, 82.68, 270],
		[177, "USB2_S1", -1967.764, -380.28, "T", "DIP", "GND", "GND", "O", 35.43, 94.49, 23.62, 82.68, 270],
		[178, "USB2_S1", -1967.764, -380.28, "B", "DIP", "GND", "GND", "O", 35.43, 94.49, 23.62, 82.68, 270],
		[179, "USB2_S1", -2100.834, -39.72, "T", "DIP", "GND", "GND", "O", 35.43, 66.93, 23.62, 55.12, 270],
		[180, "USB2_S1", -2100.834, -39.72, "B", "DIP", "GND", "GND", "O", 35.43, 66.93, 23.62, 55.12, 270],
		[181, "USB2_S1", -2100.834, -380.28, "T", "DIP", "GND", "GND", "O", 35.43, 66.93, 23.62, 55.12, 270],
		[182, "USB2_S1", -2100.834, -380.28, "B", "DIP", "GND", "GND", "O", 35.43, 66.93, 23.62, 55.12, 270],
		[183, "PAD1_P", -263.153, -244.63, "T", "DIP", "$1N3328", "", "C", 71.3, 71.3, 40.2, 40.2, 0],
		[184, "PAD1_P", -263.153, -244.63, "B", "DIP", "$1N3328", "", "C", 71.3, 71.3, 40.2, 40.2, 0],
		[185, "PAD2_P", -145, -245, "T", "DIP", "$1N3319", "", "C", 71.3, 71.3, 40.2, 40.2, 0],
		[186, "PAD2_P", -145, -245, "B", "DIP", "$1N3319", "", "C", 71.3, 71.3, 40.2, 40.2, 0],
		[187, "PAD3_P", -584.138, -240.896, "T", "DIP", "$1N3478", "", "C", 71.3, 71.3, 40.2, 40.2, 0],
		[188, "PAD3_P", -584.138, -240.896, "B", "DIP", "$1N3478", "", "C", 71.3, 71.3, 40.2, 40.2, 0],
		[189, "PAD4_1", 1262.95, -40, "T", "DIP", "GND", "GND", "C", 62.992, 62.992, 40.158, 40.158, 180],
		[190, "PAD4_1", 1262.95, -40, "B", "DIP", "GND", "GND", "C", 62.992, 62.992, 40.158, 40.158, 180],
		[191, "PAD5_2", -1492.95, -40, "T", "DIP", "VBAT", "", "C", 62.992, 62.992, 40.158, 40.158, 180],
		[192, "PAD5_2", -1492.95, -40, "B", "DIP", "VBAT", "", "C", 62.992, 62.992, 40.158, 40.158, 180],
		[193, "PAD6_2", 509.37, -90, "T", "SMD", "$1N4374", "", "R", 55.512, 53.15, 0, 0, 0],
		[194, "PAD7_1", 430.63, -90, "T", "SMD", "AGND", "", "R", 55.512, 53.15, 0, 0, 0],
		[195, "PAD8_2", 620, -102.44, "T", "SMD", "$1N4288", "", "R", 31.496, 35.433, 0, 0, 90],
		[196, "PAD9_1", 620, -157.56, "T", "SMD", "AGND", "", "R", 31.496, 35.433, 0, 0, 90],
		[197, "PAD10_2", 837.44, -45, "T", "SMD", "$1N4284", "", "R", 31.496, 35.433, 0, 0, 180],
		[198, "PAD11_1", 892.56, -45, "T", "SMD", "$1N4286", "", "R", 31.496, 35.433, 0, 0, 180],
		[199, "PAD12_2", 492.44, 35, "T", "SMD", "A0", "", "R", 31.496, 35.433, 0, 0, 180],
		[200, "PAD13_1", 547.56, 35, "T", "SMD", "$1N4367", "", "R", 31.496, 35.433, 0, 0, 180],
		[201, "PAD14_2", -1645, -314.37, "T", "SMD", "GND", "GND", "R", 55.512, 53.15, 0, 0, 270],
		[202, "PAD15_1", -1645, -235.63, "T", "SMD", "VBUS", "", "R", 55.512, 53.15, 0, 0, 270],
		[203, "PAD16_2", -1200, -314.37, "T", "SMD", "GND", "GND", "R", 55.512, 53.15, 0, 0, 270],
		[204, "PAD17_1", -1200, -235.63, "T", "SMD", "VBAT", "", "R", 55.512, 53.15, 0, 0, 270],
		[205, "PAD18_2", -1094.37, 440, "T", "SMD", "VOUT", "", "R", 55.512, 53.15, 0, 0, 180],
		[206, "PAD19_1", -1015.63, 440, "T", "SMD", "GND", "GND", "R", 55.512, 53.15, 0, 0, 180],
		[207, "PAD20_2", -914.37, 155, "T", "SMD", "3.3V", "", "R", 55.512, 53.15, 0, 0, 180],
		[208, "PAD21_1", -835.63, 155, "T", "SMD", "GND", "GND", "R", 55.512, 53.15, 0, 0, 180],
		[209, "PAD22_2", -914.37, 300, "T", "SMD", "3.3V", "", "R", 55.512, 53.15, 0, 0, 180],
		[210, "PAD23_1", -835.63, 300, "T", "SMD", "GND", "GND", "R", 55.512, 53.15, 0, 0, 180],
		[211, "PAD24_2", -420, -307.56, "T", "SMD", "GND", "GND", "R", 31.496, 35.433, 0, 0, 270],
		[212, "PAD25_1", -420, -252.44, "T", "SMD", "$1N3455", "", "R", 31.496, 35.433, 0, 0, 270],
		[213, "PAD26_1", -1126.43, 85, "T", "SMD", "VBAT", "", "R", 81.201, 60.591, 0, 0, 0],
		[214, "PAD27_2", -1323.57, 85, "T", "SMD", "VHIGH", "", "R", 81.201, 60.591, 0, 0, 0],
		[215, "PAD28_1", -1515, 106.43, "T", "SMD", "VBUS", "", "R", 81.201, 60.591, 0, 0, 270],
		[216, "PAD29_2", -1515, 303.57, "T", "SMD", "VHIGH", "", "R", 81.201, 60.591, 0, 0, 270],
		[217, "PAD30_2", -825, 435, "T", "DIP", "GND", "GND", "C", 70.866, 70.866, 47.244, 47.244, 90],
		[218, "PAD30_2", -825, 435, "B", "DIP", "GND", "GND", "C", 70.866, 70.866, 47.244, 47.244, 90],
		[219, "PAD31_1", -725, 435, "T", "DIP", "D1", "", "R", 70.866, 70.866, 47.244, 47.244, 90],
		[220, "PAD31_1", -725, 435, "B", "DIP", "D1", "", "R", 70.866, 70.866, 47.244, 47.244, 90],
		[221, "PAD32_3", -1250, 435, "T", "DIP", "GND", "GND", "C", 70.9, 70.9, 47.2, 47.2, 0],
		[222, "PAD32_3", -1250, 435, "B", "DIP", "GND", "GND", "C", 70.9, 70.9, 47.2, 47.2, 0],
		[223, "PAD33_2", -1350, 435, "T", "DIP", "D0", "", "C", 70.9, 70.9, 40.158, 40.158, 0],
		[224, "PAD33_2", -1350, 435, "B", "DIP", "D0", "", "C", 70.9, 70.9, 40.158, 40.158, 0],
		[225, "PAD34_1", -1450, 435, "T", "DIP", "VOUT", "", "R", 70.9, 70.9, 47.2, 47.2, 0],
		[226, "PAD34_1", -1450, 435, "B", "DIP", "VOUT", "", "R", 70.9, 70.9, 47.2, 47.2, 0],
		[227, "PAD35_1", 336.96, 280, "T", "SMD", "3.3V", "", "R", 44.588, 54.213, 0, 0, 0],
		[228, "PAD36_2", 413.04, 280, "T", "SMD", "AVCC", "", "R", 44.588, 54.213, 0, 0, 0],
		[229, "PAD37_1", 351.96, -235, "T", "SMD", "GND", "GND", "R", 44.588, 54.213, 0, 0, 0],
		[230, "PAD38_2", 428.04, -235, "T", "SMD", "AGND", "", "R", 44.588, 54.213, 0, 0, 0],
		[231, "PAD39_1", -1516.69, -140, "T", "SMD", "$1N3882", "", "R", 39.37, 49.213, 0, 0, 0],
		[232, "PAD40_2", -1603.31, -140, "T", "SMD", "VBUS", "", "R", 39.37, 49.213, 0, 0, 0],
		[233, "PAD41_2", -930, -311.35, "T", "SMD", "GND", "GND", "R", 39.37, 55.1, 0, 0, 270],
		[234, "PAD42_1", -930, -228.65, "T", "SMD", "$1N3593", "", "R", 39.37, 55.1, 0, 0, 270],
		[235, "PAD43_2", -1055, -311.35, "T", "SMD", "GND", "GND", "R", 39.37, 55.1, 0, 0, 270],
		[236, "PAD44_1", -1055, -228.65, "T", "SMD", "$1N3983", "", "R", 39.37, 55.1, 0, 0, 270],
		[237, "PAD45_1", 1115, 120, "T", "DIP", "$1N4286", "", "R", 66, 66, 31.496, 31.496, 180],
		[238, "PAD45_1", 1115, 120, "B", "DIP", "$1N4286", "", "R", 66, 66, 31.496, 31.496, 180],
		[239, "PAD46_2", 1115, 220, "T", "DIP", "AGND", "", "C", 66, 66, 31.496, 31.496, 180],
		[240, "PAD46_2", 1115, 220, "B", "DIP", "AGND", "", "C", 66, 66, 31.496, 31.496, 180],
		[241, "PAD47_3", 233.7011, 49.72, "T", "SMD", "A0", "", "R", 78.7402, 51.1811, 0, 0, 180],
		[242, "PAD48_1", 233.7011, 140.28, "T", "SMD", "$1N4382", "", "R", 78.7402, 51.1811, 0, 0, 180],
		[243, "PAD49_2", 76.2211, 95, "T", "SMD", "A0", "", "R", 78.7402, 78.7402, 0, 0, 90],
		[244, "PAD50_2", -1290.34, -140, "T", "SMD", "$1N3989", "", "R", 31.751, 34.016, 0, 0, 0],
		[245, "PAD51_1", -1349.66, -140, "T", "SMD", "$1N3882", "", "R", 31.751, 34.016, 0, 0, 0],
		[246, "PAD52_2", -1214.66, -140, "T", "SMD", "$1N3989", "", "R", 31.751, 34.016, 0, 0, 180],
		[247, "PAD53_1", -1155.34, -140, "T", "SMD", "$1N3983", "", "R", 31.751, 34.016, 0, 0, 180],
		[248, "PAD54_2", -930, -104.66, "T", "SMD", "$1N3593", "", "R", 31.751, 34.016, 0, 0, 270],
		[249, "PAD55_1", -930, -45.34, "T", "SMD", "D13", "", "R", 31.751, 34.016, 0, 0, 270],
		[250, "PAD56_2", -1530, -304.66, "T", "SMD", "GND", "GND", "R", 31.751, 34.016, 0, 0, 270],
		[251, "PAD57_1", -1530, -245.34, "T", "SMD", "$1N4074", "", "R", 31.751, 34.016, 0, 0, 270],
		[252, "PAD58_2", 715, -104.66, "T", "SMD", "$1N4288", "", "R", 31.751, 34.016, 0, 0, 270],
		[253, "PAD59_1", 715, -45.34, "T", "SMD", "AVCC", "", "R", 31.751, 34.016, 0, 0, 270],
		[254, "PAD60_2", 810.34, -160, "T", "SMD", "$1N4288", "", "R", 31.751, 34.016, 0, 0, 180],
		[255, "PAD61_1", 869.66, -160, "T", "SMD", "$1N4286", "", "R", 31.751, 34.016, 0, 0, 180],
		[256, "PAD62_2", 610.34, 100, "T", "SMD", "$1N4367", "", "R", 31.751, 34.016, 0, 0, 180],
		[257, "PAD63_1", 669.66, 100, "T", "SMD", "$1N4374", "", "R", 31.751, 34.016, 0, 0, 180],
		[258, "PAD64_2", 393.436, 177.04, "T", "SMD", "AVCC", "", "R", 22.27, 21.26, 0, 0, 90],
		[259, "PAD65_1", 393.436, 142.96, "T", "SMD", "$1N4284", "", "R", 22.27, 21.26, 0, 0, 90],
		[260, "PAD66_2", 393.436, 57.04, "T", "SMD", "$1N4284", "", "R", 22.27, 21.26, 0, 0, 90],
		[261, "PAD67_1", 393.436, 22.96, "T", "SMD", "AGND", "", "R", 22.27, 21.26, 0, 0, 90],
		[262, "PAD68_2", 502.96, 160, "T", "SMD", "$1N4382", "", "R", 22.27, 21.26, 0, 0, 180],
		[263, "PAD69_1", 537.04, 160, "T", "SMD", "$1N4367", "", "R", 22.27, 21.26, 0, 0, 180],
		[264, "PAD70_2", -1775.34, -70, "T", "SMD", "GND", "GND", "R", 31.751, 34.016, 0, 0, 0],
		[265, "PAD71_1", -1834.66, -70, "T", "SMD", "$1N5939", "", "R", 31.751, 34.016, 0, 0, 0],
		[266, "PAD72_2", -1780.34, -320, "T", "SMD", "GND", "GND", "R", 31.751, 34.016, 0, 0, 0],
		[267, "PAD73_1", -1839.66, -320, "T", "SMD", "$1N5905", "", "R", 31.751, 34.016, 0, 0, 0],
		[268, "PAD74_1", -770, -138.98, "T", "SMD", "$1N3478", "", "R", 48.425, 53.543, 0, 0, 270],
		[269, "PAD75_2", -770, -311.02, "T", "SMD", "GND", "GND", "R", 48.425, 53.543, 0, 0, 270],
		[270, "PAD76_32", -309.764, -112.5, "T", "SMD", "$1N3319", "", "O", 64.961, 17.717, 0, 0, 90],
		[271, "PAD77_31", -341.26, -112.5, "T", "SMD", "$1N3328", "", "O", 64.961, 17.717, 0, 0, 90],
		[272, "PAD78_30", -372.756, -112.5, "T", "SMD", "3.3V", "", "O", 64.961, 17.717, 0, 0, 90],
		[273, "PAD79_29", -404.252, -112.5, "T", "SMD", "$1N3455", "", "O", 64.961, 17.717, 0, 0, 90],
		[274, "PAD80_28", -435.748, -112.5, "T", "SMD", "GND", "GND", "O", 64.961, 17.717, 0, 0, 90],
		[275, "PAD81_26", -498.74, -112.5, "T", "SMD", "$1N3478", "", "O", 64.961, 17.717, 0, 0, 90],
		[276, "PAD82_24", -592, -50.236, "T", "SMD", "D+", "", "O", 17.717, 64.961, 0, 0, 90],
		[277, "PAD83_23", -592, -18.74, "T", "SMD", "D-", "", "O", 17.717, 64.961, 0, 0, 90],
		[278, "PAD84_22", -592, 12.756, "T", "SMD", "D13", "", "O", 17.717, 64.961, 0, 0, 90],
		[279, "PAD85_10", -341.26, 232.5, "T", "SMD", "GND", "GND", "O", 64.961, 17.717, 0, 0, 90],
		[280, "PAD86_9", -309.764, 232.5, "T", "SMD", "3.3V", "", "O", 64.961, 17.717, 0, 0, 90],
		[281, "PAD87_6", -248, 107.244, "T", "SMD", "D1", "", "O", 17.717, 64.961, 0, 0, 90],
		[282, "PAD88_5", -248, 75.748, "T", "SMD", "D0", "", "O", 17.717, 64.961, 0, 0, 90],
		[283, "PAD89_3", -248, 12.756, "T", "SMD", "A0", "", "O", 17.717, 64.961, 0, 0, 90],
		[284, "PAD90_1", 759.41, 51.69, "T", "SMD", "$1N4284", "", "R", 13.78, 33.465, 0, 0, 0],
		[285, "PAD91_2", 785, 51.69, "T", "SMD", "AGND", "", "R", 13.78, 33.465, 0, 0, 0],
		[286, "PAD92_3", 810.59, 51.69, "T", "SMD", "$1N4367", "", "R", 13.78, 33.465, 0, 0, 0],
		[287, "PAD93_4", 810.59, 138.31, "T", "SMD", "A0", "", "R", 13.78, 33.465, 0, 0, 0],
		[288, "PAD94_5", 759.41, 138.31, "T", "SMD", "AVCC", "", "R", 13.78, 33.465, 0, 0, 0],
		[289, "PAD95_1", -1319.58, -297.4, "T", "SMD", "$1N3989", "", "R", 19.291, 45.551, 0, 0, 90],
		[290, "PAD96_2", -1319.58, -260, "T", "SMD", "GND", "GND", "R", 19.291, 45.551, 0, 0, 90],
		[291, "PAD97_3", -1319.58, -222.6, "T", "SMD", "VBAT", "", "R", 19.291, 45.551, 0, 0, 90],
		[292, "PAD98_4", -1410.42, -222.6, "T", "SMD", "VBUS", "", "R", 19.291, 46.26, 0, 0, 90],
		[293, "PAD99_5", -1410.42, -297.4, "T", "SMD", "$1N4074", "", "R", 19.291, 46.26, 0, 0, 90],
		[294, "PAD100_5", -1208.82, 302.391, "T", "SMD", "3.3V", "", "R", 24.5, 43.5, 0, 0, 270],
		[295, "PAD101_1", -1311.18, 302.391, "T", "SMD", "VOUT", "", "R", 24.5, 43.5, 0, 0, 270],
		[296, "PAD102_2", -1311.18, 265.021, "T", "SMD", "GND", "GND", "R", 24.5, 43.5, 0, 0, 270],
		[297, "PAD103_3", -1311.18, 227.611, "T", "SMD", "VOUT", "", "R", 24.5, 43.5, 0, 0, 270],
		[298, "PAD104_3", -1669.718, 435.04, "T", "DIP", "VHIGH", "", "O", 74.803, 102.362, 47.244, 74.803, 270],
		[299, "PAD104_3", -1669.718, 435.04, "B", "DIP", "VHIGH", "", "O", 74.803, 102.362, 47.244, 74.803, 270],
		[300, "PAD105_2", -1669.718, 250, "T", "DIP", "VOUT", "", "O", 74.803, 102.362, 47.244, 74.803, 270],
		[301, "PAD105_2", -1669.718, 250, "B", "DIP", "VOUT", "", "O", 74.803, 102.362, 47.244, 74.803, 270],
		[302, "PAD106_1", -1669.718, 64.96, "T", "DIP", "GND", "GND", "O", 74.803, 102.362, 47.244, 74.803, 270],
		[303, "PAD106_1", -1669.718, 64.96, "B", "DIP", "GND", "GND", "O", 74.803, 102.362, 47.244, 74.803, 270],
		[304, "PAD107_A5", -1929.174, -159.8, "T", "DIP", "$1N5939", "", "C", 25.59, 25.59, 15.74, 15.75, 270],
		[305, "PAD107_A5", -1929.174, -159.8, "B", "DIP", "$1N5939", "", "C", 25.59, 25.59, 15.74, 15.75, 270],
		[306, "PAD108_A4", -1929.174, -126.34, "T", "DIP", "VBUS", "", "C", 25.59, 25.59, 15.74, 15.75, 270],
		[307, "PAD108_A4", -1929.174, -126.34, "B", "DIP", "VBUS", "", "C", 25.59, 25.59, 15.74, 15.75, 270],
		[308, "PAD109_A6", -1929.174, -193.27, "T", "DIP", "D+", "", "C", 25.59, 25.59, 15.74, 15.75, 270],
		[309, "PAD109_A6", -1929.174, -193.27, "B", "DIP", "D+", "", "C", 25.59, 25.59, 15.74, 15.75, 270],
		[310, "PAD110_A7", -1929.174, -226.73, "T", "DIP", "D-", "", "C", 25.59, 25.59, 15.74, 15.75, 270],
		[311, "PAD110_A7", -1929.174, -226.73, "B", "DIP", "D-", "", "C", 25.59, 25.59, 15.74, 15.75, 270],
		[312, "PAD111_A8", -1929.174, -260.2, "T", "DIP", "$1N5905", "", "C", 25.59, 25.59, 15.74, 15.75, 270],
		[313, "PAD111_A8", -1929.174, -260.2, "B", "DIP", "$1N5905", "", "C", 25.59, 25.59, 15.74, 15.75, 270],
		[314, "PAD112_A9", -1929.174, -293.66, "T", "DIP", "VBUS", "", "C", 25.59, 25.59, 15.74, 15.75, 270],
		[315, "PAD112_A9", -1929.174, -293.66, "B", "DIP", "VBUS", "", "C", 25.59, 25.59, 15.74, 15.75, 270],
		[316, "PAD113_B12", -1982.324, -92.87, "T", "DIP", "GND", "GND", "C", 25.59, 25.59, 15.74, 15.75, 270],
		[317, "PAD113_B12", -1982.324, -92.87, "B", "DIP", "GND", "GND", "C", 25.59, 25.59, 15.74, 15.75, 270],
		[318, "PAD114_B1", -1982.324, -327.32, "T", "DIP", "GND", "GND", "C", 25.59, 25.59, 15.74, 15.75, 270],
		[319, "PAD114_B1", -1982.324, -327.32, "B", "DIP", "GND", "GND", "C", 25.59, 25.59, 15.74, 15.75, 270],
		[320, "PAD115_S1", -1967.764, -39.72, "T", "DIP", "GND", "GND", "O", 35.43, 94.49, 23.62, 82.68, 270],
		[321, "PAD115_S1", -1967.764, -39.72, "B", "DIP", "GND", "GND", "O", 35.43, 94.49, 23.62, 82.68, 270],
		[322, "PAD116_S1", -1967.764, -380.28, "T", "DIP", "GND", "GND", "O", 35.43, 94.49, 23.62, 82.68, 270],
		[323, "PAD116_S1", -1967.764, -380.28, "B", "DIP", "GND", "GND", "O", 35.43, 94.49, 23.62, 82.68, 270],
		[324, "PAD117_S1", -2100.834, -39.72, "T", "DIP", "GND", "GND", "O", 35.43, 66.93, 23.62, 55.12, 270],
		[325, "PAD117_S1", -2100.834, -39.72, "B", "DIP", "GND", "GND", "O", 35.43, 66.93, 23.62, 55.12, 270],
		[326, "PAD118_S1", -2100.834, -380.28, "T", "DIP", "GND", "GND", "O", 35.43, 66.93, 23.62, 55.12, 270],
		[327, "PAD118_S1", -2100.834, -380.28, "B", "DIP", "GND", "GND", "O", 35.43, 66.93, 23.62, 55.12, 270],
		[328, "PAD119_P", -26.657, -245, "T", "DIP", "GND", "GND", "C", 71.3, 71.3, 40.2, 40.2, 0],
		[329, "PAD119_P", -26.657, -245, "B", "DIP", "GND", "GND", "C", 71.3, 71.3, 40.2, 40.2, 0]
	]
}
}